,SSID,BSSID,PHY,CHANNEL,FREQUENCY,RSSI(dBm),SNR(dB)
0,TUC,6c:14:6e:03:11:c0,802.11b,6,2437,-60,
1,GUEST,6c:14:6e:03:11:c1,802.11b,6,2437,-60,
2,eduroam,6c:14:6e:03:11:c2,802.11b,6,2437,-60,
3,TUC,6c:14:6e:03:11:c0,802.11b,6,2437,-60,
4,GUEST,6c:14:6e:03:11:c1,802.11b,6,2437,-60,
5,eduroam,6c:14:6e:03:11:c2,802.11b,6,2437,-60,
6,TUC,6c:14:6e:03:11:c0,802.11b,6,2437,-60,
7,GUEST,6c:14:6e:03:11:c1,802.11b,6,2437,-72,
8,eduroam,6c:14:6e:03:11:c2,802.11b,6,2437,-60,
9,GUEST,6c:14:6e:03:11:c1,802.11b,6,2437,-60,
10,eduroam,6c:14:6e:03:11:c2,802.11b,6,2437,-72,
11,TUC,6c:14:6e:03:11:c0,802.11b,6,2437,-72,
12,GUEST,6c:14:6e:03:11:c1,802.11b,6,2437,-60,
13,eduroam,6c:14:6e:03:11:c2,802.11b,6,2437,-60,
14,TUC,6c:14:6e:03:11:c0,802.11b,6,2437,-76,
15,GUEST,6c:14:6e:03:11:c1,802.11b,6,2437,-60,
16,eduroam,6c:14:6e:03:11:c2,802.11b,6,2437,-72,
17,TUC,6c:14:6e:03:11:c0,802.11b,6,2437,-60,
18,GUEST,6c:14:6e:03:11:c1,802.11b,6,2437,-60,
19,eduroam,6c:14:6e:03:11:c2,802.11b,6,2437,-60,
20,TUC,6c:14:6e:03:11:c0,802.11b,6,2437,-60,
21,GUEST,6c:14:6e:03:11:c1,802.11b,6,2437,-60,
22,eduroam,6c:14:6e:03:11:c2,802.11b,6,2437,-76,
23,TUC,6c:14:6e:03:11:c0,802.11b,6,2437,-60,
24,GUEST,6c:14:6e:03:11:c1,802.11b,6,2437,-60,
25,eduroam,6c:14:6e:03:11:c2,802.11b,6,2437,-56,
26,TUC,6c:14:6e:03:11:c0,802.11b,6,2437,-76,
27,GUEST,6c:14:6e:03:11:c1,802.11b,6,2437,-60,
28,eduroam,6c:14:6e:03:11:c2,802.11b,6,2437,-56,
29,TUC,6c:14:6e:03:11:c0,802.11b,6,2437,-60,
30,GUEST,6c:14:6e:03:11:c1,802.11b,6,2437,-60,
31,eduroam,6c:14:6e:03:11:c2,802.11b,6,2437,-60,
32,TUC,6c:14:6e:03:11:c0,802.11b,6,2437,-72,
33,GUEST,6c:14:6e:03:11:c1,802.11b,6,2437,-60,
34,eduroam,6c:14:6e:03:11:c2,802.11b,6,2437,-60,
35,TUC,6c:14:6e:03:11:c0,802.11b,6,2437,-72,
36,GUEST,6c:14:6e:03:11:c1,802.11b,6,2437,-60,
37,eduroam,6c:14:6e:03:11:c2,802.11b,6,2437,-60,
38,TUC,6c:14:6e:03:11:c0,802.11b,6,2437,-60,
39,GUEST,6c:14:6e:03:11:c1,802.11b,6,2437,-72,
40,eduroam,6c:14:6e:03:11:c2,802.11b,6,2437,-72,
41,TUC,6c:14:6e:03:11:c0,802.11b,6,2437,-60,
42,GUEST,6c:14:6e:03:11:c1,802.11b,6,2437,-60,
43,eduroam,6c:14:6e:03:11:c2,802.11b,6,2437,-60,
44,TUC,6c:14:6e:03:11:c0,802.11b,6,2437,-60,
45,GUEST,6c:14:6e:03:11:c1,802.11b,6,2437,-56,
46,eduroam,6c:14:6e:03:11:c2,802.11b,6,2437,-60,
47,TUC,6c:14:6e:03:11:c0,802.11b,6,2437,-60,
48,GUEST,6c:14:6e:03:11:c1,802.11b,6,2437,-60,
49,eduroam,6c:14:6e:03:11:c2,802.11b,6,2437,-60,
50,TUC,6c:14:6e:03:11:c0,802.11b,6,2437,-76,
51,GUEST,6c:14:6e:03:11:c1,802.11b,6,2437,-60,
52,eduroam,6c:14:6e:03:11:c2,802.11b,6,2437,-60,
53,TUC,6c:14:6e:03:11:c0,802.11b,6,2437,-72,
54,GUEST,6c:14:6e:03:11:c1,802.11b,6,2437,-60,
55,eduroam,6c:14:6e:03:11:c2,802.11b,6,2437,-60,
56,TUC,6c:14:6e:03:11:c0,802.11b,6,2437,-60,
57,GUEST,6c:14:6e:03:11:c1,802.11b,6,2437,-60,
58,eduroam,6c:14:6e:03:11:c2,802.11b,6,2437,-60,
59,TUC,6c:14:6e:03:11:c0,802.11b,6,2437,-76,
60,GUEST,6c:14:6e:03:11:c1,802.11b,6,2437,-60,
61,eduroam,6c:14:6e:03:11:c2,802.11b,6,2437,-72,
62,TUC,6c:14:6e:03:11:c0,802.11b,6,2437,-72,
63,GUEST,6c:14:6e:03:11:c1,802.11b,6,2437,-60,
64,eduroam,6c:14:6e:03:11:c2,802.11b,6,2437,-60,
65,TUC,6c:14:6e:03:11:c0,802.11b,6,2437,-60,
66,GUEST,6c:14:6e:03:11:c1,802.11b,6,2437,-60,
67,eduroam,6c:14:6e:03:11:c2,802.11b,6,2437,-60,
68,TUC,6c:14:6e:03:11:c0,802.11b,6,2437,-60,
69,GUEST,6c:14:6e:03:11:c1,802.11b,6,2437,-60,
70,eduroam,6c:14:6e:03:11:c2,802.11b,6,2437,-60,
71,TUC,6c:14:6e:03:11:c0,802.11b,6,2437,-60,
72,GUEST,6c:14:6e:03:11:c1,802.11b,6,2437,-60,
73,eduroam,6c:14:6e:03:11:c2,802.11b,6,2437,-72,
74,TUC,6c:14:6e:03:11:c0,802.11b,6,2437,-60,
75,GUEST,6c:14:6e:03:11:c1,802.11b,6,2437,-72,
76,eduroam,6c:14:6e:03:11:c2,802.11b,6,2437,-60,
77,TUC,6c:14:6e:03:11:c0,802.11b,6,2437,-60,
78,GUEST,6c:14:6e:03:11:c1,802.11b,6,2437,-72,
79,eduroam,6c:14:6e:03:11:c2,802.11b,6,2437,-60,
80,TUC,6c:14:6e:03:11:c0,802.11b,6,2437,-72,
81,GUEST,6c:14:6e:03:11:c1,802.11b,6,2437,-60,
82,eduroam,6c:14:6e:03:11:c2,802.11b,6,2437,-72,
83,TUC,6c:14:6e:03:11:c0,802.11b,6,2437,-60,
84,GUEST,6c:14:6e:03:11:c1,802.11b,6,2437,-60,
85,eduroam,6c:14:6e:03:11:c2,802.11b,6,2437,-60,
86,TUC,6c:14:6e:03:11:c0,802.11b,6,2437,-60,
87,GUEST,6c:14:6e:03:11:c1,802.11b,6,2437,-72,
88,eduroam,6c:14:6e:03:11:c2,802.11b,6,2437,-60,
89,TUC,6c:14:6e:03:11:c0,802.11b,6,2437,-60,
90,GUEST,6c:14:6e:03:11:c1,802.11b,6,2437,-60,
91,eduroam,6c:14:6e:03:11:c2,802.11b,6,2437,-60,
92,TUC,6c:14:6e:03:11:c0,802.11b,6,2437,-60,
93,GUEST,6c:14:6e:03:11:c1,802.11b,6,2437,-60,
94,eduroam,6c:14:6e:03:11:c2,802.11b,6,2437,-60,
95,TUC,6c:14:6e:03:11:c0,802.11b,6,2437,-60,
96,GUEST,6c:14:6e:03:11:c1,802.11b,6,2437,-72,
97,eduroam,6c:14:6e:03:11:c2,802.11b,6,2437,-60,
98,TUC,6c:14:6e:03:11:c0,802.11b,6,2437,-68,
99,GUEST,6c:14:6e:03:11:c1,802.11b,6,2437,-60,
100,eduroam,6c:14:6e:03:11:c2,802.11b,6,2437,-60,
101,GUEST,6c:14:6e:03:11:c1,802.11b,6,2437,-60,
102,eduroam,6c:14:6e:03:11:c2,802.11b,6,2437,-60,
103,TUC,6c:14:6e:03:11:c0,802.11b,6,2437,-60,
104,GUEST,6c:14:6e:03:11:c1,802.11b,6,2437,-60,
105,eduroam,6c:14:6e:03:11:c2,802.11b,6,2437,-60,
106,TUC,6c:14:6e:03:11:c0,802.11b,6,2437,-60,
107,GUEST,6c:14:6e:03:11:c1,802.11b,6,2437,-60,
108,eduroam,6c:14:6e:03:11:c2,802.11b,6,2437,-60,
109,TUC,6c:14:6e:03:11:c0,802.11b,6,2437,-60,
110,GUEST,6c:14:6e:03:11:c1,802.11b,6,2437,-60,
111,eduroam,6c:14:6e:03:11:c2,802.11b,6,2437,-60,
112,TUC,6c:14:6e:03:11:c0,802.11b,6,2437,-72,
113,GUEST,6c:14:6e:03:11:c1,802.11b,6,2437,-60,
114,eduroam,6c:14:6e:03:11:c2,802.11b,6,2437,-60,
115,TUC,6c:14:6e:03:11:c0,802.11b,6,2437,-60,
116,GUEST,6c:14:6e:03:11:c1,802.11b,6,2437,-60,
117,eduroam,6c:14:6e:03:11:c2,802.11b,6,2437,-60,
118,TUC,6c:14:6e:03:11:c0,802.11b,6,2437,-72,
119,GUEST,6c:14:6e:03:11:c1,802.11b,6,2437,-60,
120,eduroam,6c:14:6e:03:11:c2,802.11b,6,2437,-60,
121,TUC,6c:14:6e:03:11:c0,802.11b,6,2437,-60,
122,GUEST,6c:14:6e:03:11:c1,802.11b,6,2437,-60,
123,eduroam,6c:14:6e:03:11:c2,802.11b,6,2437,-60,
124,TUC,6c:14:6e:03:11:c0,802.11b,6,2437,-60,
125,GUEST,6c:14:6e:03:11:c1,802.11b,6,2437,-60,
126,eduroam,6c:14:6e:03:11:c2,802.11b,6,2437,-60,
127,TUC,6c:14:6e:03:11:c0,802.11b,6,2437,-56,
128,GUEST,6c:14:6e:03:11:c1,802.11b,6,2437,-60,
129,eduroam,6c:14:6e:03:11:c2,802.11b,6,2437,-60,
130,TUC,6c:14:6e:03:11:c0,802.11b,6,2437,-60,
131,GUEST,6c:14:6e:03:11:c1,802.11b,6,2437,-60,
132,eduroam,6c:14:6e:03:11:c2,802.11b,6,2437,-60,
133,TUC,6c:14:6e:03:11:c0,802.11b,6,2437,-60,
134,GUEST,6c:14:6e:03:11:c1,802.11b,6,2437,-72,
135,eduroam,6c:14:6e:03:11:c2,802.11b,6,2437,-60,
136,TUC,6c:14:6e:03:11:c0,802.11b,6,2437,-60,
137,GUEST,6c:14:6e:03:11:c1,802.11b,6,2437,-56,
138,eduroam,6c:14:6e:03:11:c2,802.11b,6,2437,-60,
139,TUC,6c:14:6e:03:11:c0,802.11b,6,2437,-72,
140,GUEST,6c:14:6e:03:11:c1,802.11b,6,2437,-60,
141,eduroam,6c:14:6e:03:11:c2,802.11b,6,2437,-60,
142,TUC,6c:14:6e:03:11:c0,802.11b,6,2437,-60,
143,GUEST,6c:14:6e:03:11:c1,802.11b,6,2437,-60,
144,eduroam,6c:14:6e:03:11:c2,802.11b,6,2437,-60,
145,TUC,6c:14:6e:03:11:c0,802.11b,6,2437,-60,
146,GUEST,6c:14:6e:03:11:c1,802.11b,6,2437,-60,
147,eduroam,6c:14:6e:03:11:c2,802.11b,6,2437,-60,
148,TUC,6c:14:6e:03:11:c0,802.11b,6,2437,-56,
149,GUEST,6c:14:6e:03:11:c1,802.11b,6,2437,-60,
150,eduroam,6c:14:6e:03:11:c2,802.11b,6,2437,-60,
151,TUC,6c:14:6e:03:11:c0,802.11b,6,2437,-56,
152,GUEST,6c:14:6e:03:11:c1,802.11b,6,2437,-60,
153,eduroam,6c:14:6e:03:11:c2,802.11b,6,2437,-56,
154,TUC,6c:14:6e:03:11:c0,802.11b,6,2437,-56,
155,GUEST,6c:14:6e:03:11:c1,802.11b,6,2437,-56,
156,eduroam,6c:14:6e:03:11:c2,802.11b,6,2437,-72,
157,TUC,6c:14:6e:03:11:c0,802.11b,6,2437,-72,
158,GUEST,6c:14:6e:03:11:c1,802.11b,6,2437,-56,
159,eduroam,6c:14:6e:03:11:c2,802.11b,6,2437,-56,
160,TUC,6c:14:6e:03:11:c0,802.11b,6,2437,-56,
161,TUC,6c:14:6e:03:11:c0,802.11b,6,2437,-60,
162,GUEST,6c:14:6e:03:11:c1,802.11b,6,2437,-56,
163,eduroam,6c:14:6e:03:11:c2,802.11b,6,2437,-60,
164,TUC,6c:14:6e:03:11:c0,802.11b,6,2437,-60,
165,GUEST,6c:14:6e:03:11:c1,802.11b,6,2437,-60,
166,eduroam,6c:14:6e:03:11:c2,802.11b,6,2437,-60,
167,TUC,6c:14:6e:03:11:c0,802.11b,6,2437,-68,
168,GUEST,6c:14:6e:03:11:c1,802.11b,6,2437,-56,
169,eduroam,6c:14:6e:03:11:c2,802.11b,6,2437,-56,
170,TUC,6c:14:6e:03:11:c0,802.11b,6,2437,-56,
171,GUEST,6c:14:6e:03:11:c1,802.11b,6,2437,-56,
172,eduroam,6c:14:6e:03:11:c2,802.11b,6,2437,-56,
173,TUC,6c:14:6e:03:11:c0,802.11b,6,2437,-56,
174,GUEST,6c:14:6e:03:11:c1,802.11b,6,2437,-56,
175,eduroam,6c:14:6e:03:11:c2,802.11b,6,2437,-56,
176,eduroam,6c:14:6e:03:11:c2,802.11b,6,2437,-68,
177,TUC,6c:14:6e:03:11:c0,802.11b,6,2437,-56,
178,GUEST,6c:14:6e:03:11:c1,802.11b,6,2437,-56,
179,eduroam,6c:14:6e:03:11:c2,802.11b,6,2437,-60,
180,TUC,6c:14:6e:03:11:c0,802.11b,6,2437,-92,
181,GUEST,6c:14:6e:03:11:c1,802.11b,6,2437,-60,
182,eduroam,6c:14:6e:03:11:c2,802.11b,6,2437,-60,
183,TUC,6c:14:6e:03:11:c0,802.11b,6,2437,-72,
184,GUEST,6c:14:6e:03:11:c1,802.11b,6,2437,-60,
185,eduroam,6c:14:6e:03:11:c2,802.11b,6,2437,-60,
186,TUC,6c:14:6e:03:11:c0,802.11b,6,2437,-60,
187,TUC,6c:14:6e:03:11:c0,802.11b,6,2437,-60,
188,GUEST,6c:14:6e:03:11:c1,802.11b,6,2437,-60,
189,eduroam,6c:14:6e:03:11:c2,802.11b,6,2437,-60,
190,GUEST,6c:14:6e:03:11:c1,802.11b,6,2437,-60,
191,eduroam,6c:14:6e:03:11:c2,802.11b,6,2437,-60,
192,eduroam,6c:14:6e:03:11:c2,802.11b,6,2437,-60,
193,TUC,6c:14:6e:03:11:c0,802.11b,6,2437,-60,
194,GUEST,6c:14:6e:03:11:c1,802.11b,6,2437,-60,
195,eduroam,6c:14:6e:03:11:c2,802.11b,6,2437,-60,
196,eduroam,6c:14:6e:03:11:c2,802.11b,6,2437,-60,
197,GUEST,6c:14:6e:03:11:c1,802.11b,6,2437,-60,
198,eduroam,6c:14:6e:03:11:c2,802.11b,6,2437,-56,
199,TUC,6c:14:6e:03:11:c0,802.11b,6,2437,-56,
200,GUEST,6c:14:6e:03:11:c1,802.11b,6,2437,-56,
201,eduroam,6c:14:6e:03:11:c2,802.11b,6,2437,-56,
202,GUEST,6c:14:6e:03:11:c1,802.11b,6,2437,-72,
203,eduroam,6c:14:6e:03:11:c2,802.11b,6,2437,-60,
204,eduroam,6c:14:6e:03:11:c2,802.11b,6,2437,-56,
205,TUC,6c:14:6e:03:11:c0,802.11b,6,2437,-60,
206,GUEST,6c:14:6e:03:11:c1,802.11b,6,2437,-76,
207,eduroam,6c:14:6e:03:11:c2,802.11b,6,2437,-76,
208,GUEST,6c:14:6e:03:11:c1,802.11b,6,2437,-56,
209,eduroam,6c:14:6e:03:11:c2,802.11b,6,2437,-72,
210,TUC,6c:14:6e:03:11:c0,802.11b,6,2437,-56,
211,GUEST,6c:14:6e:03:11:c1,802.11b,6,2437,-56,
212,eduroam,6c:14:6e:03:11:c2,802.11b,6,2437,-56,
213,TUC,6c:14:6e:03:11:c0,802.11b,6,2437,-60,
214,GUEST,6c:14:6e:03:11:c1,802.11b,6,2437,-60,
215,eduroam,6c:14:6e:03:11:c2,802.11b,6,2437,-60,
216,TUC,6c:14:6e:03:11:c0,802.11b,6,2437,-60,
217,GUEST,6c:14:6e:03:11:c1,802.11b,6,2437,-60,
218,eduroam,6c:14:6e:03:11:c2,802.11b,6,2437,-60,
219,TUC,6c:14:6e:03:11:c0,802.11b,6,2437,-60,
220,GUEST,6c:14:6e:03:11:c1,802.11b,6,2437,-60,
221,eduroam,6c:14:6e:03:11:c2,802.11b,6,2437,-76,
222,TUC,6c:14:6e:03:11:c0,802.11b,6,2437,-76,
223,GUEST,6c:14:6e:03:11:c1,802.11b,6,2437,-76,
224,eduroam,6c:14:6e:03:11:c2,802.11b,6,2437,-60,
225,TUC,6c:14:6e:03:11:c0,802.11b,6,2437,-60,
226,GUEST,6c:14:6e:03:11:c1,802.11b,6,2437,-56,
227,eduroam,6c:14:6e:03:11:c2,802.11b,6,2437,-60,
228,TUC,6c:14:6e:03:11:c0,802.11b,6,2437,-76,
229,GUEST,6c:14:6e:03:11:c1,802.11b,6,2437,-56,
230,eduroam,6c:14:6e:03:11:c2,802.11b,6,2437,-56,
231,TUC,6c:14:6e:03:11:c0,802.11b,6,2437,-56,
232,GUEST,6c:14:6e:03:11:c1,802.11b,6,2437,-56,
233,eduroam,6c:14:6e:03:11:c2,802.11b,6,2437,-56,
234,TUC,6c:14:6e:03:11:c0,802.11b,6,2437,-56,
235,GUEST,6c:14:6e:03:11:c1,802.11b,6,2437,-76,
236,eduroam,6c:14:6e:03:11:c2,802.11b,6,2437,-56,
237,TUC,6c:14:6e:03:11:c0,802.11b,6,2437,-60,
238,GUEST,6c:14:6e:03:11:c1,802.11b,6,2437,-60,
239,eduroam,6c:14:6e:03:11:c2,802.11b,6,2437,-60,
240,TUC,6c:14:6e:03:11:c0,802.11b,6,2437,-56,
241,GUEST,6c:14:6e:03:11:c1,802.11b,6,2437,-76,
242,eduroam,6c:14:6e:03:11:c2,802.11b,6,2437,-76,
243,TUC,6c:14:6e:03:11:c0,802.11b,6,2437,-60,
244,GUEST,6c:14:6e:03:11:c1,802.11b,6,2437,-60,
245,eduroam,6c:14:6e:03:11:c2,802.11b,6,2437,-60,
246,TUC,6c:14:6e:03:11:c0,802.11b,6,2437,-56,
247,GUEST,6c:14:6e:03:11:c1,802.11b,6,2437,-56,
248,eduroam,6c:14:6e:03:11:c2,802.11b,6,2437,-80,
249,TUC,6c:14:6e:03:11:c0,802.11b,6,2437,-60,
250,GUEST,6c:14:6e:03:11:c1,802.11b,6,2437,-60,
251,eduroam,6c:14:6e:03:11:c2,802.11b,6,2437,-56,
252,TUC,6c:14:6e:03:11:c0,802.11b,6,2437,-60,
253,GUEST,6c:14:6e:03:11:c1,802.11b,6,2437,-60,
254,eduroam,6c:14:6e:03:11:c2,802.11b,6,2437,-60,
255,TUC,6c:14:6e:03:11:c0,802.11b,6,2437,-60,
256,GUEST,6c:14:6e:03:11:c1,802.11b,6,2437,-60,
257,eduroam,6c:14:6e:03:11:c2,802.11b,6,2437,-60,
258,TUC,6c:14:6e:03:11:c0,802.11b,6,2437,-56,
259,GUEST,6c:14:6e:03:11:c1,802.11b,6,2437,-60,
260,eduroam,6c:14:6e:03:11:c2,802.11b,6,2437,-56,
261,TUC,6c:14:6e:03:11:c0,802.11b,6,2437,-60,
262,GUEST,6c:14:6e:03:11:c1,802.11b,6,2437,-60,
263,eduroam,6c:14:6e:03:11:c2,802.11b,6,2437,-80,
264,TUC,6c:14:6e:03:11:c0,802.11b,6,2437,-60,
265,GUEST,6c:14:6e:03:11:c1,802.11b,6,2437,-80,
266,eduroam,6c:14:6e:03:11:c2,802.11b,6,2437,-56,
267,TUC,6c:14:6e:03:11:c0,802.11b,6,2437,-60,
268,GUEST,6c:14:6e:03:11:c1,802.11b,6,2437,-60,
269,eduroam,6c:14:6e:03:11:c2,802.11b,6,2437,-60,
270,TUC,6c:14:6e:03:11:c0,802.11b,6,2437,-72,
271,GUEST,6c:14:6e:03:11:c1,802.11b,6,2437,-60,
272,eduroam,6c:14:6e:03:11:c2,802.11b,6,2437,-60,
273,TUC,6c:14:6e:03:11:c0,802.11b,6,2437,-60,
274,GUEST,6c:14:6e:03:11:c1,802.11b,6,2437,-72,
275,eduroam,6c:14:6e:03:11:c2,802.11b,6,2437,-60,
276,TUC,6c:14:6e:03:11:c0,802.11b,6,2437,-60,
277,GUEST,6c:14:6e:03:11:c1,802.11b,6,2437,-76,
278,eduroam,6c:14:6e:03:11:c2,802.11b,6,2437,-72,
279,TUC,6c:14:6e:03:11:c0,802.11b,6,2437,-60,
280,GUEST,6c:14:6e:03:11:c1,802.11b,6,2437,-60,
281,eduroam,6c:14:6e:03:11:c2,802.11b,6,2437,-60,
282,TUC,6c:14:6e:03:11:c0,802.11b,6,2437,-72,
283,GUEST,6c:14:6e:03:11:c1,802.11b,6,2437,-60,
284,eduroam,6c:14:6e:03:11:c2,802.11b,6,2437,-60,
285,TUC,6c:14:6e:03:11:c0,802.11b,6,2437,-60,
286,GUEST,6c:14:6e:03:11:c1,802.11b,6,2437,-60,
287,eduroam,6c:14:6e:03:11:c2,802.11b,6,2437,-60,
288,TUC,6c:14:6e:03:11:c0,802.11b,6,2437,-60,
289,GUEST,6c:14:6e:03:11:c1,802.11b,6,2437,-60,
290,eduroam,6c:14:6e:03:11:c2,802.11b,6,2437,-60,
291,TUC,6c:14:6e:03:11:c0,802.11b,6,2437,-60,
292,GUEST,6c:14:6e:03:11:c1,802.11b,6,2437,-68,
293,eduroam,6c:14:6e:03:11:c2,802.11b,6,2437,-60,
294,TUC,6c:14:6e:03:11:c0,802.11b,6,2437,-60,
295,GUEST,6c:14:6e:03:11:c1,802.11b,6,2437,-60,
296,eduroam,6c:14:6e:03:11:c2,802.11b,6,2437,-68,
297,TUC,6c:14:6e:03:11:c0,802.11b,6,2437,-60,
298,GUEST,6c:14:6e:03:11:c1,802.11b,6,2437,-60,
299,eduroam,6c:14:6e:03:11:c2,802.11b,6,2437,-60,
300,TUC,6c:14:6e:03:11:c0,802.11b,6,2437,-60,
301,TUC,6c:14:6e:03:11:c0,802.11b,6,2437,-60,
302,GUEST,6c:14:6e:03:11:c1,802.11b,6,2437,-60,
303,eduroam,6c:14:6e:03:11:c2,802.11b,6,2437,-72,
304,TUC,6c:14:6e:03:11:c0,802.11b,6,2437,-68,
305,GUEST,6c:14:6e:03:11:c1,802.11b,6,2437,-60,
306,eduroam,6c:14:6e:03:11:c2,802.11b,6,2437,-60,
307,TUC,6c:14:6e:03:11:c0,802.11b,6,2437,-72,
308,GUEST,6c:14:6e:03:11:c1,802.11b,6,2437,-60,
309,eduroam,6c:14:6e:03:11:c2,802.11b,6,2437,-60,
310,TUC,6c:14:6e:03:11:c0,802.11b,6,2437,-60,
311,GUEST,6c:14:6e:03:11:c1,802.11b,6,2437,-68,
312,eduroam,6c:14:6e:03:11:c2,802.11b,6,2437,-68,
313,TUC,6c:14:6e:03:11:c0,802.11b,6,2437,-60,
314,GUEST,6c:14:6e:03:11:c1,802.11b,6,2437,-60,
315,eduroam,6c:14:6e:03:11:c2,802.11b,6,2437,-60,
316,TUC,6c:14:6e:03:11:c0,802.11b,6,2437,-68,
317,GUEST,6c:14:6e:03:11:c1,802.11b,6,2437,-68,
318,eduroam,6c:14:6e:03:11:c2,802.11b,6,2437,-60,
319,TUC,6c:14:6e:03:11:c0,802.11b,6,2437,-60,
320,GUEST,6c:14:6e:03:11:c1,802.11b,6,2437,-68,
321,eduroam,6c:14:6e:03:11:c2,802.11b,6,2437,-60,
322,TUC,6c:14:6e:03:11:c0,802.11b,6,2437,-68,
323,GUEST,6c:14:6e:03:11:c1,802.11b,6,2437,-60,
324,eduroam,6c:14:6e:03:11:c2,802.11b,6,2437,-60,
325,TUC,6c:14:6e:03:11:c0,802.11b,6,2437,-60,
326,GUEST,6c:14:6e:03:11:c1,802.11b,6,2437,-60,
327,eduroam,6c:14:6e:03:11:c2,802.11b,6,2437,-72,
328,TUC,6c:14:6e:03:11:c0,802.11b,6,2437,-60,
329,GUEST,6c:14:6e:03:11:c1,802.11b,6,2437,-68,
330,eduroam,6c:14:6e:03:11:c2,802.11b,6,2437,-68,
331,TUC,6c:14:6e:03:11:c0,802.11b,6,2437,-60,
332,GUEST,6c:14:6e:03:11:c1,802.11b,6,2437,-60,
333,eduroam,6c:14:6e:03:11:c2,802.11b,6,2437,-60,
334,TUC,6c:14:6e:03:11:c0,802.11b,6,2437,-68,
335,GUEST,6c:14:6e:03:11:c1,802.11b,6,2437,-60,
336,eduroam,6c:14:6e:03:11:c2,802.11b,6,2437,-68,
337,TUC,6c:14:6e:03:11:c0,802.11b,6,2437,-60,
338,GUEST,6c:14:6e:03:11:c1,802.11b,6,2437,-60,
339,eduroam,6c:14:6e:03:11:c2,802.11b,6,2437,-60,
340,TUC,6c:14:6e:03:11:c0,802.11b,6,2437,-68,
341,GUEST,6c:14:6e:03:11:c1,802.11b,6,2437,-64,
342,eduroam,6c:14:6e:03:11:c2,802.11b,6,2437,-64,
343,TUC,6c:14:6e:03:11:c0,802.11b,6,2437,-60,
344,GUEST,6c:14:6e:03:11:c1,802.11b,6,2437,-60,
345,eduroam,6c:14:6e:03:11:c2,802.11b,6,2437,-60,
346,TUC,6c:14:6e:03:11:c0,802.11b,6,2437,-68,
347,GUEST,6c:14:6e:03:11:c1,802.11b,6,2437,-64,
348,eduroam,6c:14:6e:03:11:c2,802.11b,6,2437,-64,
349,TUC,6c:14:6e:03:11:c0,802.11b,6,2437,-64,
350,GUEST,6c:14:6e:03:11:c1,802.11b,6,2437,-60,
351,eduroam,6c:14:6e:03:11:c2,802.11b,6,2437,-60,
352,TUC,6c:14:6e:03:11:c0,802.11b,6,2437,-60,
353,GUEST,6c:14:6e:03:11:c1,802.11b,6,2437,-60,
354,eduroam,6c:14:6e:03:11:c2,802.11b,6,2437,-60,
355,TUC,6c:14:6e:03:11:c0,802.11b,6,2437,-64,
356,GUEST,6c:14:6e:03:11:c1,802.11b,6,2437,-68,
357,eduroam,6c:14:6e:03:11:c2,802.11b,6,2437,-64,
358,TUC,6c:14:6e:03:11:c0,802.11b,6,2437,-60,
359,GUEST,6c:14:6e:03:11:c1,802.11b,6,2437,-64,
360,eduroam,6c:14:6e:03:11:c2,802.11b,6,2437,-64,
361,TUC,6c:14:6e:03:11:c0,802.11b,6,2437,-60,
362,GUEST,6c:14:6e:03:11:c1,802.11b,6,2437,-60,
363,eduroam,6c:14:6e:03:11:c2,802.11b,6,2437,-60,
364,TUC,6c:14:6e:03:11:c0,802.11b,6,2437,-64,
365,GUEST,6c:14:6e:03:11:c1,802.11b,6,2437,-64,
366,eduroam,6c:14:6e:03:11:c2,802.11b,6,2437,-64,
367,eduroam,6c:14:6e:03:11:c2,802.11b,6,2437,-64,
368,TUC,6c:14:6e:03:11:c0,802.11b,6,2437,-64,
369,GUEST,6c:14:6e:03:11:c1,802.11b,6,2437,-64,
370,eduroam,6c:14:6e:03:11:c2,802.11b,6,2437,-64,
371,TUC,6c:14:6e:03:11:c0,802.11b,6,2437,-68,
372,GUEST,6c:14:6e:03:11:c1,802.11b,6,2437,-64,
373,eduroam,6c:14:6e:03:11:c2,802.11b,6,2437,-64,
374,TUC,6c:14:6e:03:11:c0,802.11b,6,2437,-68,
375,GUEST,6c:14:6e:03:11:c1,802.11b,6,2437,-60,
376,eduroam,6c:14:6e:03:11:c2,802.11b,6,2437,-60,
377,TUC,6c:14:6e:03:11:c0,802.11b,6,2437,-68,
378,GUEST,6c:14:6e:03:11:c1,802.11b,6,2437,-64,
379,eduroam,6c:14:6e:03:11:c2,802.11b,6,2437,-64,
380,TUC,6c:14:6e:03:11:c0,802.11b,6,2437,-64,
381,GUEST,6c:14:6e:03:11:c1,802.11b,6,2437,-64,
382,eduroam,6c:14:6e:03:11:c2,802.11b,6,2437,-64,
383,eduroam,6c:14:6e:03:11:c2,802.11b,6,2437,-68,
384,TUC,6c:14:6e:03:11:c0,802.11b,6,2437,-68,
385,GUEST,6c:14:6e:03:11:c1,802.11b,6,2437,-60,
386,eduroam,6c:14:6e:03:11:c2,802.11b,6,2437,-68,
387,TUC,6c:14:6e:03:11:c0,802.11b,6,2437,-60,
388,GUEST,6c:14:6e:03:11:c1,802.11b,6,2437,-60,
389,eduroam,6c:14:6e:03:11:c2,802.11b,6,2437,-60,
390,eduroam,6c:14:6e:03:11:c2,802.11b,6,2437,-60,
391,TUC,6c:14:6e:03:11:c0,802.11b,6,2437,-60,
392,GUEST,6c:14:6e:03:11:c1,802.11b,6,2437,-60,
393,eduroam,6c:14:6e:03:11:c2,802.11b,6,2437,-60,
394,TUC,6c:14:6e:03:11:c0,802.11b,6,2437,-60,
395,GUEST,6c:14:6e:03:11:c1,802.11b,6,2437,-60,
396,eduroam,6c:14:6e:03:11:c2,802.11b,6,2437,-60,
397,TUC,6c:14:6e:03:11:c0,802.11b,6,2437,-60,
398,GUEST,6c:14:6e:03:11:c1,802.11b,6,2437,-60,
399,eduroam,6c:14:6e:03:11:c2,802.11b,6,2437,-60,
400,TUC,6c:14:6e:03:11:c0,802.11b,6,2437,-60,
401,GUEST,6c:14:6e:03:11:c1,802.11b,6,2437,-60,
402,eduroam,6c:14:6e:03:11:c2,802.11b,6,2437,-68,
403,TUC,6c:14:6e:03:11:c0,802.11b,6,2437,-60,
404,GUEST,6c:14:6e:03:11:c1,802.11b,6,2437,-68,
405,eduroam,6c:14:6e:03:11:c2,802.11b,6,2437,-60,
406,TUC,6c:14:6e:03:11:c0,802.11b,6,2437,-60,
407,GUEST,6c:14:6e:03:11:c1,802.11b,6,2437,-60,
408,eduroam,6c:14:6e:03:11:c2,802.11b,6,2437,-60,
409,TUC,6c:14:6e:03:11:c0,802.11b,6,2437,-68,
410,GUEST,6c:14:6e:03:11:c1,802.11b,6,2437,-68,
411,eduroam,6c:14:6e:03:11:c2,802.11b,6,2437,-68,
412,TUC,6c:14:6e:03:11:c0,802.11b,6,2437,-60,
413,GUEST,6c:14:6e:03:11:c1,802.11b,6,2437,-68,
414,eduroam,6c:14:6e:03:11:c2,802.11b,6,2437,-68,
415,TUC,6c:14:6e:03:11:c0,802.11b,6,2437,-68,
416,GUEST,6c:14:6e:03:11:c1,802.11b,6,2437,-60,
417,eduroam,6c:14:6e:03:11:c2,802.11b,6,2437,-60,
418,TUC,6c:14:6e:03:11:c0,802.11b,6,2437,-60,
419,GUEST,6c:14:6e:03:11:c1,802.11b,6,2437,-68,
420,eduroam,6c:14:6e:03:11:c2,802.11b,6,2437,-60,
421,TUC,6c:14:6e:03:11:c0,802.11b,6,2437,-60,
422,GUEST,6c:14:6e:03:11:c1,802.11b,6,2437,-64,
423,eduroam,6c:14:6e:03:11:c2,802.11b,6,2437,-64,
424,TUC,6c:14:6e:03:11:c0,802.11b,6,2437,-60,
425,GUEST,6c:14:6e:03:11:c1,802.11b,6,2437,-60,
426,eduroam,6c:14:6e:03:11:c2,802.11b,6,2437,-60,
427,TUC,6c:14:6e:03:11:c0,802.11b,6,2437,-60,
428,GUEST,6c:14:6e:03:11:c1,802.11b,6,2437,-60,
429,eduroam,6c:14:6e:03:11:c2,802.11b,6,2437,-60,
430,TUC,6c:14:6e:03:11:c0,802.11b,6,2437,-64,
431,GUEST,6c:14:6e:03:11:c1,802.11b,6,2437,-64,
432,eduroam,6c:14:6e:03:11:c2,802.11b,6,2437,-80,
433,TUC,6c:14:6e:03:11:c0,802.11b,6,2437,-64,
434,GUEST,6c:14:6e:03:11:c1,802.11b,6,2437,-64,
435,eduroam,6c:14:6e:03:11:c2,802.11b,6,2437,-64,
436,TUC,6c:14:6e:03:11:c0,802.11b,6,2437,-60,
437,GUEST,6c:14:6e:03:11:c1,802.11b,6,2437,-64,
438,eduroam,6c:14:6e:03:11:c2,802.11b,6,2437,-64,
439,TUC,6c:14:6e:03:11:c0,802.11b,6,2437,-60,
440,GUEST,6c:14:6e:03:11:c1,802.11b,6,2437,-60,
441,eduroam,6c:14:6e:03:11:c2,802.11b,6,2437,-64,
442,eduroam,6c:14:6e:03:11:c2,802.11b,6,2437,-60,
443,TUC,6c:14:6e:03:11:c0,802.11b,6,2437,-60,
444,GUEST,6c:14:6e:03:11:c1,802.11b,6,2437,-60,
445,eduroam,6c:14:6e:03:11:c2,802.11b,6,2437,-60,
446,TUC,6c:14:6e:03:11:c0,802.11b,6,2437,-60,
447,GUEST,6c:14:6e:03:11:c1,802.11b,6,2437,-60,
448,eduroam,6c:14:6e:03:11:c2,802.11b,6,2437,-60,
449,GUEST,6c:14:6e:03:11:c1,802.11b,6,2437,-60,
450,eduroam,6c:14:6e:03:11:c2,802.11b,6,2437,-60,
451,TUC,6c:14:6e:03:11:c0,802.11b,6,2437,-60,
452,GUEST,6c:14:6e:03:11:c1,802.11b,6,2437,-60,
453,eduroam,6c:14:6e:03:11:c2,802.11b,6,2437,-60,
454,TUC,6c:14:6e:03:11:c0,802.11b,6,2437,-60,
455,GUEST,6c:14:6e:03:11:c1,802.11b,6,2437,-80,
456,TUC,6c:14:6e:03:11:c0,802.11b,6,2437,-60,
457,GUEST,6c:14:6e:03:11:c1,802.11b,6,2437,-60,
458,eduroam,6c:14:6e:03:11:c2,802.11b,6,2437,-60,
459,TUC,6c:14:6e:03:11:c0,802.11b,6,2437,-60,
460,GUEST,6c:14:6e:03:11:c1,802.11b,6,2437,-60,
461,eduroam,6c:14:6e:03:11:c2,802.11b,6,2437,-60,
462,TUC,6c:14:6e:03:11:c0,802.11b,6,2437,-76,
463,GUEST,6c:14:6e:03:11:c1,802.11b,6,2437,-60,
464,eduroam,6c:14:6e:03:11:c2,802.11b,6,2437,-60,
465,TUC,6c:14:6e:03:11:c0,802.11b,6,2437,-60,
466,GUEST,6c:14:6e:03:11:c1,802.11b,6,2437,-60,
467,eduroam,6c:14:6e:03:11:c2,802.11b,6,2437,-60,
468,TUC,6c:14:6e:03:11:c0,802.11b,6,2437,-60,
469,GUEST,6c:14:6e:03:11:c1,802.11b,6,2437,-60,
470,eduroam,6c:14:6e:03:11:c2,802.11b,6,2437,-60,
471,TUC,6c:14:6e:03:11:c0,802.11b,6,2437,-60,
472,GUEST,6c:14:6e:03:11:c1,802.11b,6,2437,-76,
473,eduroam,6c:14:6e:03:11:c2,802.11b,6,2437,-76,
474,TUC,6c:14:6e:03:11:c0,802.11b,6,2437,-60,
475,GUEST,6c:14:6e:03:11:c1,802.11b,6,2437,-60,
476,eduroam,6c:14:6e:03:11:c2,802.11b,6,2437,-60,
477,TUC,6c:14:6e:03:11:c0,802.11b,6,2437,-72,
478,GUEST,6c:14:6e:03:11:c1,802.11b,6,2437,-76,
479,eduroam,6c:14:6e:03:11:c2,802.11b,6,2437,-60,
480,TUC,6c:14:6e:03:11:c0,802.11b,6,2437,-76,
481,GUEST,6c:14:6e:03:11:c1,802.11b,6,2437,-76,
482,eduroam,6c:14:6e:03:11:c2,802.11b,6,2437,-60,
483,TUC,6c:14:6e:03:11:c0,802.11b,6,2437,-60,
484,GUEST,6c:14:6e:03:11:c1,802.11b,6,2437,-76,
485,eduroam,6c:14:6e:03:11:c2,802.11b,6,2437,-60,
486,TUC,6c:14:6e:03:11:c0,802.11b,6,2437,-60,
487,GUEST,6c:14:6e:03:11:c1,802.11b,6,2437,-60,
488,eduroam,6c:14:6e:03:11:c2,802.11b,6,2437,-60,
489,TUC,6c:14:6e:03:11:c0,802.11b,6,2437,-72,
490,GUEST,6c:14:6e:03:11:c1,802.11b,6,2437,-56,
491,eduroam,6c:14:6e:03:11:c2,802.11b,6,2437,-56,
492,TUC,6c:14:6e:03:11:c0,802.11b,6,2437,-72,
493,GUEST,6c:14:6e:03:11:c1,802.11b,6,2437,-72,
494,eduroam,6c:14:6e:03:11:c2,802.11b,6,2437,-60,
495,TUC,6c:14:6e:03:11:c0,802.11b,6,2437,-60,
496,GUEST,6c:14:6e:03:11:c1,802.11b,6,2437,-60,
497,eduroam,6c:14:6e:03:11:c2,802.11b,6,2437,-60,
498,TUC,6c:14:6e:03:11:c0,802.11b,6,2437,-80,
499,GUEST,6c:14:6e:03:11:c1,802.11b,6,2437,-60,
500,eduroam,6c:14:6e:03:11:c2,802.11b,6,2437,-60,
501,TUC,6c:14:6e:03:11:c0,802.11b,6,2437,-72,
502,GUEST,6c:14:6e:03:11:c1,802.11b,6,2437,-56,
503,eduroam,6c:14:6e:03:11:c2,802.11b,6,2437,-60,
504,TUC,6c:14:6e:03:11:c0,802.11b,6,2437,-60,
505,GUEST,6c:14:6e:03:11:c1,802.11b,6,2437,-60,
506,eduroam,6c:14:6e:03:11:c2,802.11b,6,2437,-60,
507,TUC,6c:14:6e:03:11:c0,802.11b,6,2437,-60,
508,GUEST,6c:14:6e:03:11:c1,802.11b,6,2437,-60,
509,TUC,6c:14:6e:03:11:c0,802.11b,6,2437,-60,
510,GUEST,6c:14:6e:03:11:c1,802.11b,6,2437,-60,
511,eduroam,6c:14:6e:03:11:c2,802.11b,6,2437,-60,
512,TUC,6c:14:6e:03:11:c0,802.11b,6,2437,-60,
513,GUEST,6c:14:6e:03:11:c1,802.11b,6,2437,-76,
514,TUC,6c:14:6e:03:11:c0,802.11b,6,2437,-60,
515,GUEST,6c:14:6e:03:11:c1,802.11b,6,2437,-60,
516,eduroam,6c:14:6e:03:11:c2,802.11b,6,2437,-60,
517,TUC,6c:14:6e:03:11:c0,802.11b,6,2437,-60,
518,GUEST,6c:14:6e:03:11:c1,802.11b,6,2437,-60,
519,eduroam,6c:14:6e:03:11:c2,802.11b,6,2437,-76,
520,TUC,6c:14:6e:03:11:c0,802.11b,6,2437,-60,
521,GUEST,6c:14:6e:03:11:c1,802.11b,6,2437,-72,
522,eduroam,6c:14:6e:03:11:c2,802.11b,6,2437,-60,
523,TUC,6c:14:6e:03:11:c0,802.11b,6,2437,-60,
524,GUEST,6c:14:6e:03:11:c1,802.11b,6,2437,-60,
525,eduroam,6c:14:6e:03:11:c2,802.11b,6,2437,-60,
526,TUC,6c:14:6e:03:11:c0,802.11b,6,2437,-60,
527,GUEST,6c:14:6e:03:11:c1,802.11b,6,2437,-60,
528,eduroam,6c:14:6e:03:11:c2,802.11b,6,2437,-60,
529,TUC,6c:14:6e:03:11:c0,802.11b,6,2437,-60,
530,GUEST,6c:14:6e:03:11:c1,802.11b,6,2437,-60,
531,eduroam,6c:14:6e:03:11:c2,802.11b,6,2437,-60,
532,TUC,6c:14:6e:03:11:c0,802.11b,6,2437,-72,
533,GUEST,6c:14:6e:03:11:c1,802.11b,6,2437,-60,
534,eduroam,6c:14:6e:03:11:c2,802.11b,6,2437,-60,
535,TUC,64:13:ab:92:94:f0,802.11b,11,2462,-76,
536,GUEST,64:13:ab:92:94:f1,802.11b,11,2462,-72,
537,eduroam,64:13:ab:92:94:f2,802.11b,11,2462,-76,
538,TUC,64:13:ab:92:94:f0,802.11b,11,2462,-76,
539,GUEST,64:13:ab:92:94:f1,802.11b,11,2462,-72,
540,eduroam,64:13:ab:92:94:f2,802.11b,11,2462,-76,
541,TUC,64:13:ab:92:94:f0,802.11b,11,2462,-76,
542,GUEST,64:13:ab:92:94:f1,802.11b,11,2462,-72,
543,eduroam,64:13:ab:92:94:f2,802.11b,11,2462,-76,
544,TUC,64:13:ab:92:94:f0,802.11b,11,2462,-76,
545,GUEST,64:13:ab:92:94:f1,802.11b,11,2462,-76,
546,eduroam,64:13:ab:92:94:f2,802.11b,11,2462,-72,
547,TUC,64:13:ab:92:94:f0,802.11b,11,2462,-76,
548,GUEST,64:13:ab:92:94:f1,802.11b,11,2462,-76,
549,eduroam,64:13:ab:92:94:f2,802.11b,11,2462,-76,
550,TUC,64:13:ab:92:94:f0,802.11b,11,2462,-76,
551,GUEST,64:13:ab:92:94:f1,802.11b,11,2462,-76,
552,eduroam,64:13:ab:92:94:f2,802.11b,11,2462,-76,
553,TUC,64:13:ab:92:94:f0,802.11b,11,2462,-76,
554,GUEST,64:13:ab:92:94:f1,802.11b,11,2462,-76,
555,eduroam,64:13:ab:92:94:f2,802.11b,11,2462,-76,
556,TUC,64:13:ab:92:94:f0,802.11b,11,2462,-72,
557,GUEST,64:13:ab:92:94:f1,802.11b,11,2462,-76,
558,eduroam,64:13:ab:92:94:f2,802.11b,11,2462,-76,
559,TUC,64:13:ab:92:94:f0,802.11b,11,2462,-72,
560,GUEST,64:13:ab:92:94:f1,802.11b,11,2462,-76,
561,eduroam,64:13:ab:92:94:f2,802.11b,11,2462,-76,
562,TUC,64:13:ab:92:94:f0,802.11b,11,2462,-76,
563,GUEST,64:13:ab:92:94:f1,802.11b,11,2462,-76,
564,eduroam,64:13:ab:92:94:f2,802.11b,11,2462,-76,
565,TUC,64:13:ab:92:94:f0,802.11b,11,2462,-72,
566,GUEST,64:13:ab:92:94:f1,802.11b,11,2462,-76,
567,eduroam,64:13:ab:92:94:f2,802.11b,11,2462,-76,
568,TUC,64:13:ab:92:94:f0,802.11b,11,2462,-76,
569,GUEST,64:13:ab:92:94:f1,802.11b,11,2462,-76,
570,eduroam,64:13:ab:92:94:f2,802.11b,11,2462,-76,
571,TUC,64:13:ab:92:94:f0,802.11b,11,2462,-76,
572,GUEST,64:13:ab:92:94:f1,802.11b,11,2462,-76,
573,eduroam,64:13:ab:92:94:f2,802.11b,11,2462,-72,
574,TUC,64:13:ab:92:94:f0,802.11b,11,2462,-72,
575,GUEST,64:13:ab:92:94:f1,802.11b,11,2462,-76,
576,eduroam,64:13:ab:92:94:f2,802.11b,11,2462,-76,
577,TUC,64:13:ab:92:94:f0,802.11b,11,2462,-76,
578,GUEST,64:13:ab:92:94:f1,802.11b,11,2462,-72,
579,eduroam,64:13:ab:92:94:f2,802.11b,11,2462,-76,
580,TUC,64:13:ab:92:94:f0,802.11b,11,2462,-76,
581,GUEST,64:13:ab:92:94:f1,802.11b,11,2462,-76,
582,eduroam,64:13:ab:92:94:f2,802.11b,11,2462,-76,
583,TUC,64:13:ab:92:94:f0,802.11b,11,2462,-76,
584,GUEST,64:13:ab:92:94:f1,802.11b,11,2462,-76,
585,eduroam,64:13:ab:92:94:f2,802.11b,11,2462,-76,
586,TUC,64:13:ab:92:94:f0,802.11b,11,2462,-76,
587,GUEST,64:13:ab:92:94:f1,802.11b,11,2462,-72,
588,eduroam,64:13:ab:92:94:f2,802.11b,11,2462,-76,
589,TUC,64:13:ab:92:94:f0,802.11b,11,2462,-76,
590,GUEST,64:13:ab:92:94:f1,802.11b,11,2462,-76,
591,eduroam,64:13:ab:92:94:f2,802.11b,11,2462,-72,
592,TUC,64:13:ab:92:94:f0,802.11b,11,2462,-76,
593,GUEST,64:13:ab:92:94:f1,802.11b,11,2462,-76,
594,eduroam,64:13:ab:92:94:f2,802.11b,11,2462,-68,
595,TUC,64:13:ab:92:94:f0,802.11b,11,2462,-76,
596,GUEST,64:13:ab:92:94:f1,802.11b,11,2462,-76,
597,eduroam,64:13:ab:92:94:f2,802.11b,11,2462,-76,
598,TUC,64:13:ab:92:94:f0,802.11b,11,2462,-72,
599,GUEST,64:13:ab:92:94:f1,802.11b,11,2462,-76,
600,eduroam,64:13:ab:92:94:f2,802.11b,11,2462,-76,
601,TUC,64:13:ab:92:94:f0,802.11b,11,2462,-76,
602,GUEST,64:13:ab:92:94:f1,802.11b,11,2462,-76,
603,eduroam,64:13:ab:92:94:f2,802.11b,11,2462,-76,
604,TUC,64:13:ab:92:94:f0,802.11b,11,2462,-76,
605,GUEST,64:13:ab:92:94:f1,802.11b,11,2462,-76,
606,eduroam,64:13:ab:92:94:f2,802.11b,11,2462,-76,
607,TUC,64:13:ab:92:94:f0,802.11b,11,2462,-76,
608,GUEST,64:13:ab:92:94:f1,802.11b,11,2462,-76,
609,eduroam,64:13:ab:92:94:f2,802.11b,11,2462,-72,
610,TUC,64:13:ab:92:94:f0,802.11b,11,2462,-72,
611,GUEST,64:13:ab:92:94:f1,802.11b,11,2462,-72,
612,eduroam,64:13:ab:92:94:f2,802.11b,11,2462,-72,
613,TUC,64:13:ab:92:94:f0,802.11b,11,2462,-72,
614,GUEST,64:13:ab:92:94:f1,802.11b,11,2462,-72,
615,eduroam,64:13:ab:92:94:f2,802.11b,11,2462,-76,
616,TUC,64:13:ab:92:94:f0,802.11b,11,2462,-76,
617,GUEST,64:13:ab:92:94:f1,802.11b,11,2462,-76,
618,eduroam,64:13:ab:92:94:f2,802.11b,11,2462,-76,
619,TUC,64:13:ab:92:94:f0,802.11b,11,2462,-76,
620,GUEST,64:13:ab:92:94:f1,802.11b,11,2462,-76,
621,eduroam,64:13:ab:92:94:f2,802.11b,11,2462,-72,
622,GUEST,64:13:ab:92:94:f1,802.11b,11,2462,-76,
623,eduroam,64:13:ab:92:94:f2,802.11b,11,2462,-76,
624,TUC,64:13:ab:92:94:f0,802.11b,11,2462,-76,
625,GUEST,64:13:ab:92:94:f1,802.11b,11,2462,-72,
626,eduroam,64:13:ab:92:94:f2,802.11b,11,2462,-76,
627,TUC,64:13:ab:92:94:f0,802.11b,11,2462,-76,
628,GUEST,64:13:ab:92:94:f1,802.11b,11,2462,-76,
629,eduroam,64:13:ab:92:94:f2,802.11b,11,2462,-72,
630,TUC,64:13:ab:92:94:f0,802.11b,11,2462,-76,
631,GUEST,64:13:ab:92:94:f1,802.11b,11,2462,-76,
632,eduroam,64:13:ab:92:94:f2,802.11b,11,2462,-76,
633,TUC,64:13:ab:92:94:f0,802.11b,11,2462,-76,
634,GUEST,64:13:ab:92:94:f1,802.11b,11,2462,-76,
635,eduroam,64:13:ab:92:94:f2,802.11b,11,2462,-76,
636,TUC,64:13:ab:92:94:f0,802.11b,11,2462,-76,
637,GUEST,64:13:ab:92:94:f1,802.11b,11,2462,-76,
638,eduroam,64:13:ab:92:94:f2,802.11b,11,2462,-76,
639,TUC,64:13:ab:92:94:f0,802.11b,11,2462,-76,
640,GUEST,64:13:ab:92:94:f1,802.11b,11,2462,-76,
641,eduroam,64:13:ab:92:94:f2,802.11b,11,2462,-76,
642,TUC,64:13:ab:92:94:f0,802.11b,11,2462,-76,
643,GUEST,64:13:ab:92:94:f1,802.11b,11,2462,-76,
644,eduroam,64:13:ab:92:94:f2,802.11b,11,2462,-76,
645,TUC,64:13:ab:92:94:f0,802.11b,11,2462,-76,
646,GUEST,64:13:ab:92:94:f1,802.11b,11,2462,-76,
647,eduroam,64:13:ab:92:94:f2,802.11b,11,2462,-76,
648,TUC,64:13:ab:92:94:f0,802.11b,11,2462,-76,
649,GUEST,64:13:ab:92:94:f1,802.11b,11,2462,-76,
650,eduroam,64:13:ab:92:94:f2,802.11b,11,2462,-76,
651,TUC,64:13:ab:92:94:f0,802.11b,11,2462,-76,
652,GUEST,64:13:ab:92:94:f1,802.11b,11,2462,-76,
653,eduroam,64:13:ab:92:94:f2,802.11b,11,2462,-72,
654,TUC,64:13:ab:92:94:f0,802.11b,11,2462,-76,
655,GUEST,64:13:ab:92:94:f1,802.11b,11,2462,-76,
656,eduroam,64:13:ab:92:94:f2,802.11b,11,2462,-76,
657,TUC,64:13:ab:92:94:f0,802.11b,11,2462,-76,
658,GUEST,64:13:ab:92:94:f1,802.11b,11,2462,-76,
659,eduroam,64:13:ab:92:94:f2,802.11b,11,2462,-76,
660,TUC,64:13:ab:92:94:f0,802.11b,11,2462,-76,
661,GUEST,64:13:ab:92:94:f1,802.11b,11,2462,-76,
662,eduroam,64:13:ab:92:94:f2,802.11b,11,2462,-76,
663,TUC,64:13:ab:92:94:f0,802.11b,11,2462,-76,
664,GUEST,64:13:ab:92:94:f1,802.11b,11,2462,-72,
665,eduroam,64:13:ab:92:94:f2,802.11b,11,2462,-76,
666,TUC,64:13:ab:92:94:f0,802.11b,11,2462,-76,
667,GUEST,64:13:ab:92:94:f1,802.11b,11,2462,-76,
668,eduroam,64:13:ab:92:94:f2,802.11b,11,2462,-76,
669,TUC,64:13:ab:92:94:f0,802.11b,11,2462,-76,
670,GUEST,64:13:ab:92:94:f1,802.11b,11,2462,-72,
671,eduroam,64:13:ab:92:94:f2,802.11b,11,2462,-72,
672,TUC,64:13:ab:92:94:f0,802.11b,11,2462,-76,
673,GUEST,64:13:ab:92:94:f1,802.11b,11,2462,-76,
674,eduroam,64:13:ab:92:94:f2,802.11b,11,2462,-76,
675,TUC,64:13:ab:92:94:f0,802.11b,11,2462,-76,
676,GUEST,64:13:ab:92:94:f1,802.11b,11,2462,-72,
677,eduroam,64:13:ab:92:94:f2,802.11b,11,2462,-76,
678,TUC,64:13:ab:92:94:f0,802.11b,11,2462,-76,
679,GUEST,64:13:ab:92:94:f1,802.11b,11,2462,-76,
680,eduroam,64:13:ab:92:94:f2,802.11b,11,2462,-76,
681,TUC,64:13:ab:92:94:f0,802.11b,11,2462,-76,
682,GUEST,64:13:ab:92:94:f1,802.11b,11,2462,-76,
683,eduroam,64:13:ab:92:94:f2,802.11b,11,2462,-76,
684,TUC,64:13:ab:92:94:f0,802.11b,11,2462,-76,
685,GUEST,64:13:ab:92:94:f1,802.11b,11,2462,-80,
686,eduroam,64:13:ab:92:94:f2,802.11b,11,2462,-76,
687,TUC,64:13:ab:92:94:f0,802.11b,11,2462,-76,
688,GUEST,64:13:ab:92:94:f1,802.11b,11,2462,-76,
689,eduroam,64:13:ab:92:94:f2,802.11b,11,2462,-76,
690,TUC,64:13:ab:92:94:f0,802.11b,11,2462,-76,
691,GUEST,64:13:ab:92:94:f1,802.11b,11,2462,-76,
692,eduroam,64:13:ab:92:94:f2,802.11b,11,2462,-76,
693,GUEST,64:13:ab:92:94:f1,802.11b,11,2462,-76,
694,eduroam,64:13:ab:92:94:f2,802.11b,11,2462,-76,
695,eduroam,64:13:ab:92:94:f2,802.11b,11,2462,-76,
696,TUC,64:13:ab:92:94:f0,802.11b,11,2462,-76,
697,GUEST,64:13:ab:92:94:f1,802.11b,11,2462,-84,
698,eduroam,64:13:ab:92:94:f2,802.11b,11,2462,-76,
699,TUC,64:13:ab:92:94:f0,802.11b,11,2462,-76,
700,GUEST,64:13:ab:92:94:f1,802.11b,11,2462,-76,
701,eduroam,64:13:ab:92:94:f2,802.11b,11,2462,-76,
702,TUC,64:13:ab:92:94:f0,802.11b,11,2462,-76,
703,GUEST,64:13:ab:92:94:f1,802.11b,11,2462,-76,
704,eduroam,64:13:ab:92:94:f2,802.11b,11,2462,-76,
705,TUC,64:13:ab:92:94:f0,802.11b,11,2462,-84,
706,GUEST,64:13:ab:92:94:f1,802.11b,11,2462,-76,
707,eduroam,64:13:ab:92:94:f2,802.11b,11,2462,-76,
708,TUC,64:13:ab:92:94:f0,802.11b,11,2462,-76,
709,GUEST,64:13:ab:92:94:f1,802.11b,11,2462,-76,
710,eduroam,64:13:ab:92:94:f2,802.11b,11,2462,-76,
711,TUC,64:13:ab:92:94:f0,802.11b,11,2462,-76,
712,GUEST,64:13:ab:92:94:f1,802.11b,11,2462,-84,
713,eduroam,64:13:ab:92:94:f2,802.11b,11,2462,-76,
714,TUC,64:13:ab:92:94:f0,802.11b,11,2462,-84,
715,GUEST,64:13:ab:92:94:f1,802.11b,11,2462,-76,
716,eduroam,64:13:ab:92:94:f2,802.11b,11,2462,-76,
717,TUC,64:13:ab:92:94:f0,802.11b,11,2462,-76,
718,GUEST,64:13:ab:92:94:f1,802.11b,11,2462,-76,
719,eduroam,64:13:ab:92:94:f2,802.11b,11,2462,-76,
720,TUC,64:13:ab:92:94:f0,802.11b,11,2462,-76,
721,GUEST,64:13:ab:92:94:f1,802.11b,11,2462,-76,
722,eduroam,64:13:ab:92:94:f2,802.11b,11,2462,-76,
723,TUC,64:13:ab:92:94:f0,802.11b,11,2462,-76,
724,GUEST,64:13:ab:92:94:f1,802.11b,11,2462,-76,
725,eduroam,64:13:ab:92:94:f2,802.11b,11,2462,-76,
726,TUC,64:13:ab:92:94:f0,802.11b,11,2462,-76,
727,GUEST,64:13:ab:92:94:f1,802.11b,11,2462,-76,
728,eduroam,64:13:ab:92:94:f2,802.11b,11,2462,-76,
729,TUC,64:13:ab:92:94:f0,802.11b,11,2462,-84,
730,GUEST,64:13:ab:92:94:f1,802.11b,11,2462,-76,
731,eduroam,64:13:ab:92:94:f2,802.11b,11,2462,-76,
732,TUC,64:13:ab:92:94:f0,802.11b,11,2462,-76,
733,GUEST,64:13:ab:92:94:f1,802.11b,11,2462,-76,
734,eduroam,64:13:ab:92:94:f2,802.11b,11,2462,-76,
735,TUC,64:13:ab:92:94:f0,802.11b,11,2462,-76,
736,GUEST,64:13:ab:92:94:f1,802.11b,11,2462,-76,
737,eduroam,64:13:ab:92:94:f2,802.11b,11,2462,-76,
738,TUC,64:13:ab:92:94:f0,802.11b,11,2462,-76,
739,GUEST,64:13:ab:92:94:f1,802.11b,11,2462,-76,
740,eduroam,64:13:ab:92:94:f2,802.11b,11,2462,-76,
741,TUC,64:13:ab:92:94:f0,802.11b,11,2462,-76,
742,GUEST,64:13:ab:92:94:f1,802.11b,11,2462,-76,
743,eduroam,64:13:ab:92:94:f2,802.11b,11,2462,-76,
744,TUC,64:13:ab:92:94:f0,802.11b,11,2462,-76,
745,GUEST,64:13:ab:92:94:f1,802.11b,11,2462,-76,
746,eduroam,64:13:ab:92:94:f2,802.11b,11,2462,-84,
747,TUC,64:13:ab:92:94:f0,802.11b,11,2462,-76,
748,GUEST,64:13:ab:92:94:f1,802.11b,11,2462,-76,
749,eduroam,64:13:ab:92:94:f2,802.11b,11,2462,-76,
750,TUC,64:13:ab:92:94:f0,802.11b,11,2462,-80,
751,GUEST,64:13:ab:92:94:f1,802.11b,11,2462,-76,
752,TUC,64:13:ab:92:94:f0,802.11b,11,2462,-76,
753,GUEST,64:13:ab:92:94:f1,802.11b,11,2462,-76,
754,eduroam,64:13:ab:92:94:f2,802.11b,11,2462,-76,
755,TUC,64:13:ab:92:94:f0,802.11b,11,2462,-76,
756,GUEST,64:13:ab:92:94:f1,802.11b,11,2462,-76,
757,eduroam,64:13:ab:92:94:f2,802.11b,11,2462,-76,
758,TUC,64:13:ab:92:94:f0,802.11b,11,2462,-76,
759,GUEST,64:13:ab:92:94:f1,802.11b,11,2462,-76,
760,eduroam,64:13:ab:92:94:f2,802.11b,11,2462,-76,
761,TUC,64:13:ab:92:94:f0,802.11b,11,2462,-76,
762,GUEST,64:13:ab:92:94:f1,802.11b,11,2462,-76,
763,eduroam,64:13:ab:92:94:f2,802.11b,11,2462,-76,
764,TUC,64:13:ab:92:94:f0,802.11b,11,2462,-76,
765,GUEST,64:13:ab:92:94:f1,802.11b,11,2462,-76,
766,eduroam,64:13:ab:92:94:f2,802.11b,11,2462,-76,
767,TUC,64:13:ab:92:94:f0,802.11b,11,2462,-76,
768,GUEST,64:13:ab:92:94:f1,802.11b,11,2462,-76,
769,eduroam,64:13:ab:92:94:f2,802.11b,11,2462,-76,
770,TUC,64:13:ab:92:94:f0,802.11b,11,2462,-76,
771,GUEST,64:13:ab:92:94:f1,802.11b,11,2462,-76,
772,eduroam,64:13:ab:92:94:f2,802.11b,11,2462,-72,
773,TUC,64:13:ab:92:94:f0,802.11b,11,2462,-76,
774,GUEST,64:13:ab:92:94:f1,802.11b,11,2462,-72,
775,eduroam,64:13:ab:92:94:f2,802.11b,11,2462,-76,
776,TUC,64:13:ab:92:94:f0,802.11b,11,2462,-76,
777,GUEST,64:13:ab:92:94:f1,802.11b,11,2462,-76,
778,eduroam,64:13:ab:92:94:f2,802.11b,11,2462,-84,
779,TUC,64:13:ab:92:94:f0,802.11b,11,2462,-76,
780,GUEST,64:13:ab:92:94:f1,802.11b,11,2462,-76,
781,eduroam,64:13:ab:92:94:f2,802.11b,11,2462,-76,
782,TUC,64:13:ab:92:94:f0,802.11b,11,2462,-76,
783,GUEST,64:13:ab:92:94:f1,802.11b,11,2462,-76,
784,eduroam,64:13:ab:92:94:f2,802.11b,11,2462,-76,
785,TUC,64:13:ab:92:94:f0,802.11b,11,2462,-76,
786,GUEST,64:13:ab:92:94:f1,802.11b,11,2462,-76,
787,eduroam,64:13:ab:92:94:f2,802.11b,11,2462,-84,
788,TUC,64:13:ab:92:94:f0,802.11b,11,2462,-76,
789,GUEST,64:13:ab:92:94:f1,802.11b,11,2462,-76,
790,eduroam,64:13:ab:92:94:f2,802.11b,11,2462,-76,
791,TUC,64:13:ab:92:94:f0,802.11b,11,2462,-76,
792,GUEST,64:13:ab:92:94:f1,802.11b,11,2462,-76,
793,eduroam,64:13:ab:92:94:f2,802.11b,11,2462,-76,
794,TUC,64:13:ab:92:94:f0,802.11b,11,2462,-76,
795,GUEST,64:13:ab:92:94:f1,802.11b,11,2462,-76,
796,eduroam,64:13:ab:92:94:f2,802.11b,11,2462,-76,
797,TUC,64:13:ab:92:94:f0,802.11b,11,2462,-76,
798,GUEST,64:13:ab:92:94:f1,802.11b,11,2462,-76,
799,eduroam,64:13:ab:92:94:f2,802.11b,11,2462,-76,
800,TUC,64:13:ab:92:94:f0,802.11b,11,2462,-76,
801,GUEST,64:13:ab:92:94:f1,802.11b,11,2462,-76,
802,eduroam,64:13:ab:92:94:f2,802.11b,11,2462,-76,
803,TUC,64:13:ab:92:94:f0,802.11b,11,2462,-76,
804,GUEST,64:13:ab:92:94:f1,802.11b,11,2462,-76,
805,eduroam,64:13:ab:92:94:f2,802.11b,11,2462,-76,
806,TUC,64:13:ab:92:94:f0,802.11b,11,2462,-76,
807,GUEST,64:13:ab:92:94:f1,802.11b,11,2462,-76,
808,eduroam,64:13:ab:92:94:f2,802.11b,11,2462,-76,
809,TUC,64:13:ab:92:94:f0,802.11b,11,2462,-76,
810,GUEST,64:13:ab:92:94:f1,802.11b,11,2462,-76,
811,eduroam,64:13:ab:92:94:f2,802.11b,11,2462,-72,
812,TUC,64:13:ab:92:94:f0,802.11b,11,2462,-76,
813,GUEST,64:13:ab:92:94:f1,802.11b,11,2462,-76,
814,eduroam,64:13:ab:92:94:f2,802.11b,11,2462,-76,
815,TUC,64:13:ab:92:94:f0,802.11b,11,2462,-76,
816,GUEST,64:13:ab:92:94:f1,802.11b,11,2462,-76,
817,eduroam,64:13:ab:92:94:f2,802.11b,11,2462,-76,
